{"data_time": 0.07243865204509348, "eta_seconds": 465767.95401843963, "iteration": 19, "loss_fcos_cls": 1.2054806873202324, "loss_fcos_ctr": 0.6004849337041378, "loss_fcos_loc": 0.9910101033747196, "lr": 0.00019980999999999995, "rank_data_time": 0.021982459584251046, "time": 1.7251942885341123, "total_loss": 2.771280199289322}
{"data_time": 0.05678897746838629, "eta_seconds": 451756.3791018026, "iteration": 39, "loss_fcos_cls": 1.1170130893588066, "loss_fcos_ctr": 0.568712905049324, "loss_fcos_loc": 0.9903691969811916, "lr": 0.00039960999999999995, "rank_data_time": 0.02123575657606125, "time": 1.59921559097711, "total_loss": 2.675005132332444}
{"data_time": 0.048823461518622935, "iteration": 49, "loss_fcos_cls": 1.1246381998062134, "loss_fcos_ctr": 0.5638400800526142, "loss_fcos_loc": 0.990440659224987, "lr": 0.00049951, "rank_data_time": 0.024812781484797597, "time": 1.6750209670281038, "total_loss": 2.6894053649157286}
{"eta_seconds": 455845.3247199948, "iteration": 50}
