{"data_time": 7.05204912298359, "iteration": 1, "loss_fcos_cls": 1.1672205924987793, "loss_fcos_ctr": 0.7138491570949554, "loss_fcos_loc": 0.9768005609512329, "lr": 1.999e-05, "rank_data_time": 7.046689222450368, "total_loss": 2.8578703105449677}
{"data_time": 0.03449827153235674, "eta_seconds": 469589.81167089194, "iteration": 19, "loss_fcos_cls": 1.2323977425694466, "loss_fcos_ctr": 0.6584219411015511, "loss_fcos_loc": 0.9883749336004257, "lr": 0.00019980999999999995, "rank_data_time": 0.013570713461376727, "time": 1.7393503654748201, "total_loss": 2.807110771536827}
{"data_time": 0.030594385927543044, "eta_seconds": 464822.6935080206, "iteration": 39, "loss_fcos_cls": 1.1213840506970882, "loss_fcos_ctr": 0.5833210200071335, "loss_fcos_loc": 0.9807759635150433, "lr": 0.00039960999999999995, "rank_data_time": 0.017144182580523193, "time": 1.721820616046898, "total_loss": 2.682525545358658}
{"data_time": 0.04082543938420713, "eta_seconds": 460384.45983034093, "iteration": 59, "loss_fcos_cls": 1.0838543325662613, "loss_fcos_ctr": 0.5544299744069576, "loss_fcos_loc": 0.9215675815939903, "lr": 0.00059941, "rank_data_time": 0.025363225606270134, "time": 1.6741900630295277, "total_loss": 2.581269856542349}
{"data_time": 0.03599386545829475, "eta_seconds": 456427.9075924121, "iteration": 79, "loss_fcos_cls": 1.061508659273386, "loss_fcos_ctr": 0.5534255243837833, "loss_fcos_loc": 0.7066695485264063, "lr": 0.0007992100000000001, "rank_data_time": 0.02035718457773328, "time": 1.6741212700726464, "total_loss": 2.2885296400636435}
{"data_time": 0.03599386545829475, "iteration": 81, "loss_fcos_cls": 1.0659096203744411, "loss_fcos_ctr": 0.5534255243837833, "loss_fcos_loc": 0.6899762265384197, "lr": 0.0008191899999999999, "rank_data_time": 0.019260294968262315, "time": 1.6851717521203682, "total_loss": 2.2799197994172573}
{"eta_seconds": 456422.83466812794, "iteration": 82}
