{"data_time": 0.016227504471316934, "eta_seconds": 64378.335477195214, "iteration": 19, "loss_bbox": 3.490187168121338, "loss_bbox_0": 3.5580743551254272, "loss_bbox_1": 2.5493364334106445, "loss_bbox_2": 3.0169193744659424, "loss_bbox_3": 3.0334917306900024, "loss_bbox_4": 3.523428440093994, "loss_ce": 2.410857677459717, "loss_ce_0": 2.389557361602783, "loss_ce_1": 2.2783013582229614, "loss_ce_2": 2.3507906198501587, "loss_ce_3": 2.236064076423645, "loss_ce_4": 2.303611159324646, "loss_giou": 2.2977577447891235, "loss_giou_0": 1.5958214402198792, "loss_giou_1": 1.5744407773017883, "loss_giou_2": 1.8214872479438782, "loss_giou_3": 1.6262845993041992, "loss_giou_4": 2.1915005445480347, "lr": 7.202499999999999e-07, "rank_data_time": 0.016227504471316934, "time": 0.23845594294834882, "total_loss": 43.27010524272919}
{"data_time": 0.015650466550141573, "eta_seconds": 70014.79008040857, "iteration": 39, "loss_bbox": 3.076831102371216, "loss_bbox_0": 4.11857008934021, "loss_bbox_1": 2.5433335304260254, "loss_bbox_2": 2.68468976020813, "loss_bbox_3": 2.9353344440460205, "loss_bbox_4": 3.403752565383911, "loss_ce": 2.2878392934799194, "loss_ce_0": 2.229988694190979, "loss_ce_1": 2.203433394432068, "loss_ce_2": 2.2393226623535156, "loss_ce_3": 2.146241784095764, "loss_ce_4": 2.2201247215270996, "loss_giou": 2.287258505821228, "loss_giou_0": 1.7576424479484558, "loss_giou_1": 1.7798566222190857, "loss_giou_2": 1.8457865118980408, "loss_giou_3": 1.7926080226898193, "loss_giou_4": 2.2754225730895996, "lr": 1.2152500000000001e-06, "rank_data_time": 0.015650466550141573, "time": 0.27643592248205096, "total_loss": 43.36601835489273}
{"data_time": 0.015831551980227232, "eta_seconds": 61478.70017579058, "iteration": 59, "loss_bbox": 2.8968470096588135, "loss_bbox_0": 3.6099767684936523, "loss_bbox_1": 2.330478549003601, "loss_bbox_2": 2.363276720046997, "loss_bbox_3": 2.7416566610336304, "loss_bbox_4": 3.166002035140991, "loss_ce": 2.3440520763397217, "loss_ce_0": 2.2967710494995117, "loss_ce_1": 2.21970272064209, "loss_ce_2": 2.3525043725967407, "loss_ce_3": 2.2891911268234253, "loss_ce_4": 2.364744782447815, "loss_giou": 2.2126883268356323, "loss_giou_0": 1.6251031160354614, "loss_giou_1": 1.6440927982330322, "loss_giou_2": 1.6326460242271423, "loss_giou_3": 1.7686187028884888, "loss_giou_4": 2.157359004020691, "lr": 1.71025e-06, "rank_data_time": 0.015831551980227232, "time": 0.19322002946864814, "total_loss": 43.168848395347595}
{"data_time": 0.0018016264075413346, "eta_seconds": 59666.64303107187, "iteration": 79, "loss_bbox": 2.497112512588501, "loss_bbox_0": 3.999835968017578, "loss_bbox_1": 2.3726683855056763, "loss_bbox_2": 2.6130188703536987, "loss_bbox_3": 2.418300151824951, "loss_bbox_4": 2.9796310663223267, "loss_ce": 2.3220248222351074, "loss_ce_0": 2.302939772605896, "loss_ce_1": 2.1562432050704956, "loss_ce_2": 2.184219002723694, "loss_ce_3": 2.195560932159424, "loss_ce_4": 2.2037439346313477, "loss_giou": 2.110543966293335, "loss_giou_0": 1.6972264647483826, "loss_giou_1": 1.698730230331421, "loss_giou_2": 1.872624158859253, "loss_giou_3": 1.8747032284736633, "loss_giou_4": 2.4262129068374634, "lr": 2.20525e-06, "rank_data_time": 0.0018016264075413346, "time": 0.19489658251404762, "total_loss": 40.88986587524414}
{"data_time": 0.0017498290399089456, "eta_seconds": 52150.08595358813, "iteration": 99, "loss_bbox": 2.0615659952163696, "loss_bbox_0": 3.2757800817489624, "loss_bbox_1": 2.1735528707504272, "loss_bbox_2": 1.9648535251617432, "loss_bbox_3": 2.1107999086380005, "loss_bbox_4": 2.528404474258423, "loss_ce": 2.404420852661133, "loss_ce_0": 2.357284903526306, "loss_ce_1": 2.1938525438308716, "loss_ce_2": 2.366519331932068, "loss_ce_3": 2.1833319664001465, "loss_ce_4": 2.1963247060775757, "loss_giou": 1.9648690223693848, "loss_giou_0": 1.7612905502319336, "loss_giou_1": 1.5635368824005127, "loss_giou_2": 1.7480111718177795, "loss_giou_3": 1.6810956597328186, "loss_giou_4": 2.1085076332092285, "lr": 2.70025e-06, "rank_data_time": 0.0017498290399089456, "time": 0.13950671290513128, "total_loss": 37.76934331655502}
{"data_time": 0.0018953881226480007, "eta_seconds": 49338.31341964658, "iteration": 119, "loss_bbox": 1.8194058537483215, "loss_bbox_0": 2.5775805711746216, "loss_bbox_1": 1.9410701990127563, "loss_bbox_2": 2.096797823905945, "loss_bbox_3": 1.981420636177063, "loss_bbox_4": 2.326130509376526, "loss_ce": 2.22020423412323, "loss_ce_0": 2.3833552598953247, "loss_ce_1": 2.3522151708602905, "loss_ce_2": 2.311350464820862, "loss_ce_3": 2.2466797828674316, "loss_ce_4": 2.264923095703125, "loss_giou": 1.8575716614723206, "loss_giou_0": 1.458163857460022, "loss_giou_1": 1.5268043279647827, "loss_giou_2": 1.5750418901443481, "loss_giou_3": 1.5782331228256226, "loss_giou_4": 2.1090275049209595, "lr": 3.1952500000000005e-06, "rank_data_time": 0.0018953881226480007, "time": 0.14181167958304286, "total_loss": 37.247424364089966}
{"data_time": 0.008335517020896077, "eta_seconds": 48621.13174723461, "iteration": 139, "loss_bbox": 1.5821266770362854, "loss_bbox_0": 2.6023919582366943, "loss_bbox_1": 1.674848198890686, "loss_bbox_2": 1.5842297673225403, "loss_bbox_3": 1.6597742438316345, "loss_bbox_4": 1.9164291024208069, "loss_ce": 2.1217398643493652, "loss_ce_0": 2.3269314765930176, "loss_ce_1": 2.3948057889938354, "loss_ce_2": 2.257938027381897, "loss_ce_3": 2.1242313385009766, "loss_ce_4": 2.1724900007247925, "loss_giou": 1.8703711032867432, "loss_giou_0": 1.5392718315124512, "loss_giou_1": 1.49124014377594, "loss_giou_2": 1.5954078435897827, "loss_giou_3": 1.5340810418128967, "loss_giou_4": 1.8437210321426392, "lr": 3.690250000000001e-06, "rank_data_time": 0.008335517020896077, "time": 0.15852318541146815, "total_loss": 34.41333228349686}
{"data_time": 0.0019538059132173657, "eta_seconds": 46917.15542244725, "iteration": 159, "loss_bbox": 1.6564650535583496, "loss_bbox_0": 2.5770115852355957, "loss_bbox_1": 1.660341739654541, "loss_bbox_2": 1.6930529475212097, "loss_bbox_3": 1.6922189593315125, "loss_bbox_4": 1.7199116349220276, "loss_ce": 2.0254273414611816, "loss_ce_0": 2.3417420387268066, "loss_ce_1": 2.204228401184082, "loss_ce_2": 2.2002432346343994, "loss_ce_3": 2.2205926179885864, "loss_ce_4": 1.9710301160812378, "loss_giou": 1.721063494682312, "loss_giou_0": 1.5876242518424988, "loss_giou_1": 1.4241772294044495, "loss_giou_2": 1.504138469696045, "loss_giou_3": 1.614206850528717, "loss_giou_4": 1.8329985737800598, "lr": 4.18525e-06, "rank_data_time": 0.0019538059132173657, "time": 0.161529645556584, "total_loss": 33.69225358963013}
{"data_time": 0.016826412873342633, "eta_seconds": 48613.92487971112, "iteration": 179, "loss_bbox": 1.409688651561737, "loss_bbox_0": 1.820598840713501, "loss_bbox_1": 1.4921481013298035, "loss_bbox_2": 1.5070711374282837, "loss_bbox_3": 1.4001036882400513, "loss_bbox_4": 1.3088901042938232, "loss_ce": 1.8002910614013672, "loss_ce_0": 2.238170862197876, "loss_ce_1": 2.0495184659957886, "loss_ce_2": 2.151971459388733, "loss_ce_3": 2.05703067779541, "loss_ce_4": 2.0653213262557983, "loss_giou": 1.4786974787712097, "loss_giou_0": 1.343460202217102, "loss_giou_1": 1.4464905261993408, "loss_giou_2": 1.4857221245765686, "loss_giou_3": 1.6514244079589844, "loss_giou_4": 1.6231263279914856, "lr": 4.68025e-06, "rank_data_time": 0.016826412873342633, "time": 0.1960383194964379, "total_loss": 31.73052555322647}
{"data_time": 0.011479023494757712, "eta_seconds": 47137.47055481654, "iteration": 199, "loss_bbox": 1.4907902479171753, "loss_bbox_0": 1.8615197539329529, "loss_bbox_1": 1.3235204815864563, "loss_bbox_2": 1.240630567073822, "loss_bbox_3": 1.2363077998161316, "loss_bbox_4": 1.3869065046310425, "loss_ce": 2.0101945400238037, "loss_ce_0": 2.1606580018997192, "loss_ce_1": 2.0567108392715454, "loss_ce_2": 2.0499430894851685, "loss_ce_3": 2.0229005813598633, "loss_ce_4": 2.043993353843689, "loss_giou": 1.6295433640480042, "loss_giou_0": 1.5263692140579224, "loss_giou_1": 1.6680307388305664, "loss_giou_2": 1.741899847984314,